{
  "metadata": {
    "description": "Circular Text Fingerprints vs baseline methods for near-duplicate text detection",
    "datasets": [
      "Quora Question Pairs"
    ],
    "methods": [
      "MinHash (k=1)",
      "MinHash (k=2)",
      "MinHash (k=3)"
    ],
    "evaluation_date": "2026-06-16T17:03:55.449633+00:00",
    "n_train": 241875,
    "n_test": 162415,
    "bootstrap_samples": 1000,
    "thresholds": {
      "Quora Question Pairs": {
        "MinHash (k=1)": 0.25,
        "MinHash (k=2)": 0.06,
        "MinHash (k=3)": 0.03,
        "Character 4-gram Jaccard": 0.18,
        "Word-Unigram Jaccard": 0.25,
        "CTF (R=1)": 0.11,
        "CTF (R=2)": 0.07,
        "CTF (R=3)": 0.05,
        "TF-IDF Cosine": 0.36
      }
    },
    "performance_table": {
      "Quora Question Pairs": {
        "overall": {
          "MinHash (k=1)": {
            "precision": 0.506752492742648,
            "recall": 0.8719803535032912,
            "f1": 0.6409917903436757,
            "support": 162415
          },
          "MinHash (k=2)": {
            "precision": 0.4900920640412078,
            "recall": 0.8519830264960406,
            "f1": 0.6222455403987408,
            "support": 162415
          },
          "MinHash (k=3)": {
            "precision": 0.5014534299607507,
            "recall": 0.6253800661565706,
            "f1": 0.5566021604502301,
            "support": 162415
          },
          "Character 4-gram Jaccard": {
            "precision": 0.5169506225185985,
            "recall": 0.8962043502956998,
            "f1": 0.6556866100348346,
            "support": 162415
          },
          "Word-Unigram Jaccard": {
            "precision": 0.506752492742648,
            "recall": 0.8719803535032912,
            "f1": 0.6409917903436757,
            "support": 162415
          },
          "CTF (R=1)": {
            "precision": 0.500701966435777,
            "recall": 0.8996792408700591,
            "f1": 0.6433550560589679,
            "support": 162415
          },
          "CTF (R=2)": {
            "precision": 0.5008094227978118,
            "recall": 0.8992782919576331,
            "f1": 0.6433411815324306,
            "support": 162415
          },
          "CTF (R=3)": {
            "precision": 0.4972996763279266,
            "recall": 0.906077717264192,
            "f1": 0.6421539317661128,
            "support": 162415
          },
          "TF-IDF Cosine": {
            "precision": 0.48923060194456275,
            "recall": 0.9019846971165091,
            "f1": 0.6343784698355628,
            "support": 162415
          }
        },
        "by_word_count": {
          "<=6": {
            "MinHash (k=1)": {
              "precision": 0.459716011610575,
              "recall": 0.8889563106796117,
              "f1": 0.6060292672837272,
              "support": 16143
            },
            "MinHash (k=2)": {
              "precision": 0.45790070674461214,
              "recall": 0.7961165048543689,
              "f1": 0.5813992134271312,
              "support": 16143
            },
            "MinHash (k=3)": {
              "precision": 0.4934482139651768,
              "recall": 0.41702063106796117,
              "f1": 0.45202663816492644,
              "support": 16143
            },
            "Character 4-gram Jaccard": {
              "precision": 0.4567500188864546,
              "recall": 0.9171723300970874,
              "f1": 0.609813908921277,
              "support": 16143
            },
            "Word-Unigram Jaccard": {
              "precision": 0.459716011610575,
              "recall": 0.8889563106796117,
              "f1": 0.6060292672837272,
              "support": 16143
            },
            "CTF (R=1)": {
              "precision": 0.45945526499573214,
              "recall": 0.8982099514563107,
              "f1": 0.6079367524000205,
              "support": 16143
            },
            "CTF (R=2)": {
              "precision": 0.4595622477491462,
              "recall": 0.8982099514563107,
              "f1": 0.6080303963852948,
              "support": 16143
            },
            "CTF (R=3)": {
              "precision": 0.4593839708278377,
              "recall": 0.8982099514563107,
              "f1": 0.6078743390996355,
              "support": 16143
            },
            "TF-IDF Cosine": {
              "precision": 0.4519296643069194,
              "recall": 0.9006371359223301,
              "f1": 0.6018551371078108,
              "support": 16143
            }
          },
          "7-15": {
            "MinHash (k=1)": {
              "precision": 0.5257562445085979,
              "recall": 0.8694217277595583,
              "f1": 0.6552624992178212,
              "support": 120335
            },
            "MinHash (k=2)": {
              "precision": 0.5093028413711526,
              "recall": 0.857943459670389,
              "f1": 0.6391723881981815,
              "support": 120335
            },
            "MinHash (k=3)": {
              "precision": 0.5180057725869244,
              "recall": 0.6407281331728175,
              "f1": 0.572868145123875,
              "support": 120335
            },
            "Character 4-gram Jaccard": {
              "precision": 0.5314089803140898,
              "recall": 0.8976088671177715,
              "f1": 0.6675877612769767,
              "support": 120335
            },
            "Word-Unigram Jaccard": {
              "precision": 0.5257562445085979,
              "recall": 0.8694217277595583,
              "f1": 0.6552624992178212,
              "support": 120335
            },
            "CTF (R=1)": {
              "precision": 0.519124308002013,
              "recall": 0.8992278633401137,
              "f1": 0.6582441959401969,
              "support": 120335
            },
            "CTF (R=2)": {
              "precision": 0.5191823522359429,
              "recall": 0.8988542488272656,
              "f1": 0.6581907164787063,
              "support": 120335
            },
            "CTF (R=3)": {
              "precision": 0.5159875645708477,
              "recall": 0.9060359500186808,
              "f1": 0.657518358124647,
              "support": 120335
            },
            "TF-IDF Cosine": {
              "precision": 0.5056543932957531,
              "recall": 0.9067416663207273,
              "f1": 0.649248352170973,
              "support": 120335
            }
          },
          "16+": {
            "MinHash (k=1)": {
              "precision": 0.4203364203364203,
              "recall": 0.8742138364779874,
              "f1": 0.5677089980855137,
              "support": 25937
            },
            "MinHash (k=2)": {
              "precision": 0.3860477314450564,
              "recall": 0.8679245283018868,
              "f1": 0.5343982573969868,
              "support": 25937
            },
            "MinHash (k=3)": {
              "precision": 0.40219224283305227,
              "recall": 0.75,
              "f1": 0.5236004390779363,
              "support": 25937
            },
            "Character 4-gram Jaccard": {
              "precision": 0.47548323686796984,
              "recall": 0.8557389937106918,
              "f1": 0.6113022113022113,
              "support": 25937
            },
            "Word-Unigram Jaccard": {
              "precision": 0.4203364203364203,
              "recall": 0.8742138364779874,
              "f1": 0.5677089980855137,
              "support": 25937
            },
            "CTF (R=1)": {
              "precision": 0.411004102015338,
              "recall": 0.9058569182389937,
              "f1": 0.5654520917678812,
              "support": 25937
            },
            "CTF (R=2)": {
              "precision": 0.4113494191242181,
              "recall": 0.9046776729559748,
              "f1": 0.565548593193267,
              "support": 25937
            },